"ID","Name","Age","City","Gender","Looking for","Relationship goal","Core value","Communication","Social energy","Status","Joined"
"D001","Aanya","24","Bengaluru","Woman","Men","Long-term","Family","Open conversation","Quiet evenings","Paused","2026-09-02"
"D002","Rohan","31","Chennai","Man","Women","Long-term","Growth","Direct and clear","Out and about","Active","2026-09-03"
"D003","Meera","38","Pune","Woman","Men","Long-term","Kindness","Thoughtful check-ins","A bit of both","Active","2026-09-04"
"D004","Kabir","30","Hyderabad","Man","Women","Exploring","Independence","Open conversation","Quiet evenings","Active","2026-09-05"
"D005","Ishita","37","Delhi","Woman","Men","Long-term","Creativity","Direct and clear","Out and about","Active","2026-09-06"
"D006","Arjun","29","Mumbai","Man","Women","Long-term","Stability","Thoughtful check-ins","A bit of both","Paused","2026-09-07"
"D007","Naina","36","Bengaluru","Woman","Men","Long-term","Family","Open conversation","Quiet evenings","Active","2026-09-08"
"D008","Vihaan","28","Chennai","Man","Women","Exploring","Growth","Direct and clear","Out and about","Active","2026-09-09"
"D009","Tara","35","Pune","Woman","Men","Long-term","Kindness","Thoughtful check-ins","A bit of both","Active","2026-09-10"
"D010","Dev","27","Hyderabad","Man","Women","Long-term","Independence","Open conversation","Quiet evenings","Active","2026-09-11"
"D011","Sana","34","Delhi","Woman","Men","Long-term","Creativity","Direct and clear","Out and about","Paused","2026-09-12"
"D012","Aditya","26","Mumbai","Man","Women","Exploring","Stability","Thoughtful check-ins","A bit of both","Active","2026-09-13"
"D013","Kavya","33","Bengaluru","Woman","Men","Long-term","Family","Open conversation","Quiet evenings","Active","2026-09-14"
"D014","Neel","25","Chennai","Man","Women","Long-term","Growth","Direct and clear","Out and about","Active","2026-09-15"
"D015","Anika","32","Pune","Woman","Men","Long-term","Kindness","Thoughtful check-ins","A bit of both","Active","2026-09-16"
"D016","Rehan","24","Hyderabad","Man","Women","Exploring","Independence","Open conversation","Quiet evenings","Paused","2026-09-17"
"D017","Diya","31","Delhi","Woman","Men","Long-term","Creativity","Direct and clear","Out and about","Active","2026-09-18"
"D018","Aarav","38","Mumbai","Man","Women","Long-term","Stability","Thoughtful check-ins","A bit of both","Active","2026-09-19"
"D019","Zoya","30","Bengaluru","Woman","Men","Long-term","Family","Open conversation","Quiet evenings","Active","2026-09-20"
"D020","Nikhil","37","Chennai","Man","Women","Exploring","Growth","Direct and clear","Out and about","Active","2026-09-21"
"D021","Riya","29","Pune","Woman","Men","Long-term","Kindness","Thoughtful check-ins","A bit of both","Paused","2026-09-22"
"D022","Samar","36","Hyderabad","Man","Women","Long-term","Independence","Open conversation","Quiet evenings","Active","2026-09-23"
"D023","Leela","28","Delhi","Woman","Men","Long-term","Creativity","Direct and clear","Out and about","Active","2026-09-24"
"D024","Farhan","35","Mumbai","Man","Women","Exploring","Stability","Thoughtful check-ins","A bit of both","Active","2026-09-25"
